year,state,district,black_turnout,black_share,black_candidate
2008,AK,0,0.709726712,0.035023115,0
2010,AK,0,0.448496796,0.032340459,0
2010,AK,1,0.448496796,0.032340459,0
2008,AK,1,0.709726712,0.035023115,0
2006,AK,1,0.439429465,0.031784871,0
2010,AL,0,0.397472788,0.256073687,0
2008,AL,0,0.62553939,0.252987358,1
2010,AL,1,0.374314287,0.261221335,0
2006,AL,1,0.266087278,0.261221335,0
2008,AL,1,0.620053624,0.261221335,0
2010,AL,2,0.381727228,0.294783836,0
2008,AL,2,0.576660577,0.293965615,0
2006,AL,2,0.266649717,0.294783836,0
2010,AL,3,0.373846386,0.308788378,0
2006,AL,3,0.284691804,0.308430401,0
2008,AL,3,0.564202481,0.316352577,0
2006,AL,4,0.279709242,0.049961712,0
2010,AL,4,0.359460021,0.049961712,0
2008,AL,4,0.555389408,0.049961712,0
2006,AL,5,0.291851673,0.165979228,0
2008,AL,5,0.626272483,0.17631314,0
2010,AL,5,0.396213702,0.172851612,0
2006,AL,6,0.283270755,0.10682076,0
2008,AL,6,0.640801001,0.10682076,0
2010,AL,6,0.413694201,0.10682076,0
2008,AL,7,0.619576019,0.617318354,1
2006,AL,7,0.329064458,0.61952636,1
2010,AL,7,0.417386427,0.61375402,1
2008,AR,0,0.544885782,0.147130518,0
2010,AR,0,0.328311872,0.151675775,0
2010,AR,1,0.381513049,0.148716528,0
2006,AR,1,0.356194252,0.148716528,0
2006,AR,2,0.317646468,0.192816701,0
2010,AR,2,0.308252708,0.203997412,1
2008,AR,2,0.548806962,0.194165196,0
2008,AR,3,0.357896323,0.023851928,0
2010,AR,3,0.207805907,0.023851928,0
2006,AR,3,0.199593128,0.023851928,0
2006,AR,4,0.324615196,0.234240908,0
2010,AR,4,0.336093785,0.234240908,0
2008,AR,4,0.503415623,0.234240908,0
2006,AZ,0,0.281401289,0.033890031,0
2010,AZ,0,0.244540829,0.040346109,0
2010,AZ,1,0.522813895,0.017242448,0
2006,AZ,1,0.581618208,0.017242448,0
2008,AZ,1,0.722748557,0.017242448,0
2010,AZ,2,0.281484465,0.028621749,0
2008,AZ,2,0.513794641,0.029204947,0
2006,AZ,2,0.262859411,0.028110926,0
2010,AZ,3,0.234647746,0.033242188,0
2006,AZ,3,0.223589102,0.030125628,0
2008,AZ,3,0.407160699,0.034828107,0
2006,AZ,4,0.204024003,0.109519315,0
2010,AZ,4,0.175451791,0.131603231,0
2008,AZ,4,0.476851994,0.100957959,0
2006,AZ,5,0.227076849,0.035153053,0
2008,AZ,5,0.511371798,0.035153053,0
2010,AZ,5,0.272324635,0.035153053,0
2006,AZ,6,0.335011379,0.024226841,0
2008,AZ,6,0.610292398,0.027109207,0
2010,AZ,6,0.232250502,0.036750826,0
2008,AZ,7,0.438132296,0.03883771,0
2006,AZ,7,0.211986056,0.043424155,0
2010,AZ,7,0.239412007,0.037572466,0
2008,AZ,8,0.44358041,0.032043771,0
2006,AZ,8,0.306448353,0.027920759,0
2010,AZ,8,0.288749527,0.032909708,0
2010,CA,0,0.370050257,0.070940299,0
2006,CA,0,0.310972919,0.071464899,0
2010,CA,1,0.374533889,0.018837753,0
2006,CA,1,0.324851941,0.018837753,0
2008,CA,1,0.492679503,0.020802997,0
2006,CA,2,0.332097372,0.01259477,0
2010,CA,2,0.399322908,0.01259477,0
2008,CA,2,0.592132839,0.01259477,0
2010,CA,3,0.376639174,0.06380848,0
2008,CA,3,0.563223344,0.060220842,0
2006,CA,3,0.333507511,0.058042552,0
2010,CA,4,0.312600598,0.015679304,0
2006,CA,4,0.269602207,0.015679304,0
2008,CA,4,0.427684525,0.015679304,0
2010,CA,5,0.383755268,0.145286426,0
2008,CA,5,0.625166039,0.148996114,0
2006,CA,5,0.332386593,0.153880729,0
2010,CA,6,0.39111991,0.023260403,0
2006,CA,6,0.411120561,0.021451035,0
2008,CA,6,0.571307858,0.02359914,0
2008,CA,7,0.658200875,0.165091951,0
2010,CA,7,0.37789506,0.183974359,0
2006,CA,7,0.331232092,0.176366546,0
2010,CA,8,0.465010691,0.077941824,0
2008,CA,8,0.755285472,0.074387585,0
2006,CA,8,0.412685177,0.082552262,0
2006,CA,9,0.509945713,0.24243368,1
2010,CA,9,0.53551269,0.228442348,1
2008,CA,9,0.823521304,0.230453489,1
2006,CA,10,0.385328068,0.073426745,0
2008,CA,10,0.641323091,0.083985412,0
2010,CA,10,0.45564365,0.073684367,0
2008,CA,11,0.658606696,0.046545855,0
2006,CA,11,0.312786245,0.053973992,0
2010,CA,11,0.398165351,0.050995997,0
2008,CA,12,0.598254589,0.029629101,0
2006,CA,12,0.423877625,0.025133367,0
2010,CA,12,0.460632308,0.026312551,0
2006,CA,13,0.37285269,0.079296915,0
2008,CA,13,0.54440488,0.095277771,0
2010,CA,13,0.380651854,0.085925467,0
2006,CA,14,0.344970414,0.035109496,0
2008,CA,14,0.547986554,0.036508032,0
2010,CA,14,0.425627976,0.030426323,0
2006,CA,15,0.343376375,0.026671259,1
2010,CA,15,0.318031057,0.031796098,0
2008,CA,15,0.725978261,0.022701532,0
2010,CA,16,0.382756848,0.035141461,0
2008,CA,16,0.516706664,0.043593024,0
2006,CA,16,0.302116438,0.040719958,0
2008,CA,17,0.490481708,0.032556648,0
2010,CA,17,0.33934779,0.032556648,0
2006,CA,17,0.284307234,0.032556648,0
2008,CA,18,0.376953438,0.082833395,0
2010,CA,18,0.263231045,0.072081074,0
2006,CA,18,0.210745766,0.072081074,0
2008,CA,19,0.422052256,0.040367433,0
2010,CA,19,0.26795339,0.040367433,1
2006,CA,19,0.206560238,0.040367433,0
2010,CA,20,0.152016197,0.102104568,0
2008,CA,20,0.265693344,0.103294898,0
2006,CA,20,0.132236882,0.100391915,0
2010,CA,21,0.251038483,0.028573668,0
2006,CA,21,0.246683651,0.026247585,0
2008,CA,21,0.455679522,0.026247585,0
2006,CA,22,0.206908451,0.058870373,0
2010,CA,22,0.215092851,0.066722069,0
2008,CA,22,0.4191508,0.060021806,0
2006,CA,23,0.33573168,0.022784421,0
2008,CA,23,0.535428343,0.024033616,0
2010,CA,23,0.354183347,0.024033616,0
2006,CA,24,0.310192903,0.01897643,0
2008,CA,24,0.577169787,0.017220818,0
2010,CA,24,0.396648776,0.017220818,0
2008,CA,25,0.445574792,0.09775566,0
2006,CA,25,0.197755443,0.101870812,0
2010,CA,25,0.259021889,0.098515373,0
2008,CA,26,0.652213232,0.046233438,0
2006,CA,26,0.313913359,0.048143306,0
2010,CA,26,0.393770216,0.048557309,0
2006,CA,27,0.317810332,0.050303294,0
2008,CA,27,0.625721393,0.051574696,0
2010,CA,27,0.34504355,0.057557289,0
2006,CA,28,0.348776162,0.043560899,0
2008,CA,28,0.54335813,0.059403753,0
2010,CA,28,0.339706787,0.056540339,0
2006,CA,29,0.368386723,0.06687929,0
2010,CA,29,0.569460753,0.055698941,0
2008,CA,29,0.661378659,0.063688675,0
2006,CA,30,0.519710266,0.029957811,0
2010,CA,30,0.555626935,0.034965235,0
2008,CA,30,0.815456283,0.034076917,0
2010,CA,31,0.288363389,0.066164883,0
2008,CA,31,0.366014302,0.081449351,0
2006,CA,31,0.205516807,0.075016031,0
2008,CA,32,0.459299239,0.033286505,0
2010,CA,32,0.333300628,0.029684255,0
2006,CA,32,0.264664943,0.029396464,0
2010,CA,33,0.494019748,0.325948655,1
2008,CA,33,0.631188714,0.354271618,1
2006,CA,33,0.373559831,0.347322632,1
2010,CA,34,0.209052439,0.083872966,0
2006,CA,34,0.143007148,0.092776745,0
2008,CA,34,0.39429801,0.07517766,0
2006,CA,35,0.30834954,0.443038015,1
2010,CA,35,0.402720477,0.400266424,1
2008,CA,35,0.581374965,0.419482778,1
2006,CA,36,0.389767812,0.042716738,0
2008,CA,36,0.548954115,0.056475554,0
2010,CA,36,0.461460085,0.046209259,0
2006,CA,37,0.30135556,0.31928605,1
2008,CA,37,0.618358643,0.306138461,1
2010,CA,37,0.420764549,0.285337801,1
2008,CA,38,0.516006043,0.040441273,0
2006,CA,38,0.300088474,0.037097376,0
2010,CA,38,0.298292053,0.046193619,0
2008,CA,39,0.563355146,0.068739102,0
2006,CA,39,0.247908146,0.07465057,0
2010,CA,39,0.341893936,0.073446907,0
2006,CA,40,0.237263033,0.025674761,0
2008,CA,40,0.419790105,0.031260869,0
2010,CA,40,0.359325271,0.023013988,0
2006,CA,41,0.23633096,0.058486436,0
2008,CA,41,0.532424439,0.054813207,0
2010,CA,41,0.276740968,0.061182645,0
2006,CA,42,0.244950612,0.030946602,0
2010,CA,42,0.360213748,0.027497017,0
2008,CA,42,0.48444641,0.030946602,0
2006,CA,43,0.15954503,0.155880969,0
2010,CA,43,0.214293185,0.153520919,0
2008,CA,43,0.389656245,0.14726199,0
2006,CA,44,0.233154788,0.060519404,0
2010,CA,44,0.277764523,0.065196131,0
2008,CA,44,0.429191128,0.069408147,0
2010,CA,45,0.281525067,0.077563416,0
2008,CA,45,0.500425035,0.073536364,0
2006,CA,45,0.23653154,0.071662065,0
2006,CA,46,0.331777518,0.017056574,0
2010,CA,46,0.419681058,0.017056574,0
2008,CA,46,0.747708635,0.013943258,0
2006,CA,47,0.143595984,0.025564945,0
2010,CA,47,0.158148939,0.031362395,0
2008,CA,47,0.327832944,0.026541298,0
2006,CA,48,0.221594121,0.019352707,0
2010,CA,48,0.296257359,0.019406502,0
2008,CA,48,0.49651325,0.018007987,0
2006,CA,49,0.207448344,0.052971698,0
2008,CA,49,0.46184837,0.050188208,0
2010,CA,49,0.275544891,0.052565084,0
2006,CA,50,0.346520548,0.019064552,0
2008,CA,50,0.590970611,0.021575891,0
2010,CA,50,0.405096572,0.019570939,0
2008,CA,51,0.512951063,0.102516286,0
2006,CA,51,0.281555037,0.09792007,0
2010,CA,51,0.305998205,0.094227807,0
2008,CA,52,0.540535104,0.042931447,0
2006,CA,52,0.242154496,0.042931447,0
2010,CA,52,0.272090913,0.049686121,0
2006,CA,53,0.273364486,0.067271954,0
2008,CA,53,0.655686828,0.065228293,0
2010,CA,53,0.352274179,0.070770135,0
2008,CO,0,0.727136068,0.036018339,0
2010,CO,0,0.403611823,0.036225286,0
2008,CO,1,0.817739332,0.093711374,0
2006,CO,1,0.362482438,0.101688319,0
2010,CO,1,0.4450617,0.095699806,0
2010,CO,2,0.474087933,0.010782949,0
2008,CO,2,0.786342376,0.010782949,0
2006,CO,2,0.393451824,0.010782949,0
2006,CO,5,0.233004321,0.051875812,0
2010,CO,5,0.243327938,0.055474896,0
2008,CO,5,0.501795698,0.053793359,0
2010,CO,6,0.586821835,0.020994127,0
2008,CO,6,0.786138614,0.025224955,0
2006,CO,6,0.427983539,0.023284337,0
2010,CO,7,0.370264822,0.065230895,1
2006,CO,7,0.333319721,0.057666539,0
2008,CO,7,0.677745716,0.065473247,0
2010,CT,0,0.338045727,0.090504933,0
2010,CT,1,0.388988245,0.129144524,0
2008,CT,1,0.714208205,0.114529462,0
2008,CT,2,0.377904195,0.035138816,0
2010,CT,2,0.226985122,0.032095179,0
2008,CT,3,0.589886731,0.123063688,0
2010,CT,3,0.342596947,0.123861333,0
2010,CT,4,0.336154164,0.117429309,0
2008,CT,4,0.61563298,0.10824807,0
2010,CT,5,0.262700886,0.056675735,0
2008,CT,5,0.538613702,0.05057897,0
2006,DE,0,0.364076978,0.194131532,0
2010,DE,0,0.479354017,0.202480938,0
2008,DE,0,0.754572835,0.193922904,0
2008,DE,1,0.754572835,0.193922904,0
2010,DE,1,0.479354017,0.202480938,0
2006,DE,1,0.364076978,0.194131532,0
2010,FL,0,0.350655225,0.142004846,1
2006,FL,0,0.291829131,0.133911609,0
2008,FL,1,0.59615921,0.137161133,0
2006,FL,1,0.259890588,0.130815036,0
2010,FL,1,0.330330541,0.136202761,0
2008,FL,2,0.608296518,0.21881329,0
2010,FL,2,0.363818033,0.212744764,0
2010,FL,3,0.342465566,0.497387238,1
2010,FL,4,0.331022613,0.151167707,0
2006,FL,4,0.293285134,0.140533914,0
2008,FL,4,0.659276642,0.138872153,0
2008,FL,5,0.587146052,0.056382781,0
2006,FL,5,0.300038319,0.047558446,0
2010,FL,5,0.319192732,0.05735447,0
2006,FL,6,0.291707646,0.124796387,0
2008,FL,6,0.636340572,0.129993998,0
2010,FL,6,0.331106597,0.136149387,0
2006,FL,7,0.305920848,0.082633413,0
2008,FL,7,0.671250992,0.088668152,0
2010,FL,7,0.349018286,0.091561933,0
2008,FL,8,0.697655381,0.088533778,0
2006,FL,8,0.272547213,0.083916192,0
2010,FL,8,0.339802679,0.094989388,0
2008,FL,9,0.669027642,0.05007266,0
2006,FL,9,0.271660125,0.049057573,0
2010,FL,9,0.369587758,0.05128633,0
2006,FL,10,0.217029511,0.0442693,0
2008,FL,10,0.544081135,0.04949532,0
2010,FL,10,0.26597269,0.048077936,0
2006,FL,11,0.252740748,0.271204797,1
2008,FL,11,0.637207882,0.265452848,1
2010,FL,11,0.309701755,0.277207468,0
2006,FL,12,0.276217536,0.131817027,0
2010,FL,12,0.330629139,0.144722655,0
2008,FL,12,0.69707925,0.137199619,0
2006,FL,13,0.230477932,0.041158545,0
2010,FL,13,0.286749682,0.044938428,1
2008,FL,13,0.517637137,0.048731676,0
2008,FL,14,0.588492353,0.04571577,0
2006,FL,14,0.185335655,0.043847818,0
2010,FL,14,0.241897924,0.049779664,0
2006,FL,15,0.296965507,0.074969128,0
2010,FL,15,0.334991345,0.084630863,0
2008,FL,15,0.693404074,0.076814285,0
2006,FL,16,0.328166394,0.065050875,0
2010,FL,16,0.351172953,0.073596745,0
2008,FL,16,0.735380078,0.067272865,0
2010,FL,17,0.409987792,0.587869678,1
2006,FL,17,0.322425225,0.564160395,1
2008,FL,18,0.715213516,0.064814509,0
2006,FL,18,0.256344033,0.06813573,0
2010,FL,18,0.268348409,0.080041585,0
2008,FL,19,0.771299201,0.079047716,0
2010,FL,19,0.357524143,0.097972953,0
2008,FL,20,0.855720264,0.090260158,0
2010,FL,20,0.377029594,0.115734308,0
2008,FL,21,0.81966687,0.084064696,0
2006,FL,21,0.379711055,0.093796858,0
2008,FL,22,0.728702892,0.046782523,1
2006,FL,22,0.283670282,0.047826868,0
2010,FL,22,0.381755279,0.049195562,1
2008,FL,23,0.67986142,0.526797758,1
2010,FL,23,0.360304796,0.531841372,1
2006,FL,24,0.310057408,0.065929227,0
2008,FL,24,0.683419194,0.0750073,0
2010,FL,24,0.386361541,0.073633124,0
2006,FL,25,0.194802487,0.128794112,0
2010,FL,25,0.258409468,0.126366886,0
2008,FL,25,0.494155994,0.121148679,0
2008,GA,0,0.617467687,0.302423314,0
2010,GA,0,0.375981322,0.309255599,1
2006,GA,1,0.190091009,0.24675243,0
2010,GA,1,0.263365348,0.255557333,0
2008,GA,1,0.52590857,0.242469326,0
2008,GA,2,0.526292602,0.46683077,1
2006,GA,2,0.231775623,0.471342935,1
2010,GA,2,0.337287992,0.483779851,1
2010,GA,3,0.393645896,0.238350282,0
2006,GA,3,0.273730479,0.230601445,0
2008,GA,3,0.644701087,0.230996008,0
2010,GA,4,0.433269995,0.645184002,1
2008,GA,4,0.684286059,0.607543193,1
2006,GA,4,0.314833453,0.624063868,1
2008,GA,5,0.594242921,0.519938798,1
2006,GA,5,0.284663527,0.513010239,1
2010,GA,5,0.385869635,0.517412881,1
2010,GA,6,0.421448047,0.101351916,0
2008,GA,6,0.696026155,0.097256027,0
2006,GA,6,0.289304917,0.096246049,0
2010,GA,7,0.420932126,0.218744379,0
2006,GA,7,0.271488807,0.207450594,0
2008,GA,7,0.696121078,0.208940374,0
2006,GA,8,0.245964473,0.332971437,0
2008,GA,8,0.587297843,0.324817791,0
2010,GA,8,0.364524422,0.339474154,0
2006,GA,9,0.189517002,0.034330264,0
2010,GA,9,0.256946504,0.036051355,0
2008,GA,9,0.439796413,0.038288008,0
2006,GA,10,0.246779833,0.187075088,0
2010,GA,10,0.336949139,0.186848799,0
2008,GA,10,0.589065146,0.182577376,0
2006,GA,11,0.252510816,0.145452931,0
2010,GA,11,0.370136618,0.146324095,0
2008,GA,11,0.588434968,0.155768379,0
2006,GA,12,0.246868764,0.428954327,0
2010,GA,12,0.323526443,0.428410802,0
2008,GA,12,0.546631807,0.43481645,0
2006,GA,13,0.292808653,0.573421839,1
2010,GA,13,0.425164003,0.591825906,1
2008,GA,13,0.709061577,0.55554032,1
2010,IA,0,0.350259465,0.024337509,0
2008,IA,0,0.773648009,0.021307884,0
2006,IA,1,0.31453879,0.036913766,0
2008,IA,1,0.7159438,0.036913766,0
2010,IA,1,0.338851558,0.036913766,0
2006,IA,2,0.3916275,0.020480665,0
2008,IA,2,0.794869275,0.022354593,0
2010,IA,2,0.368188129,0.025074905,0
2010,IA,3,0.403115265,0.034601405,0
2008,IA,3,0.829031079,0.029715858,0
2006,IA,3,0.451693954,0.02745585,0
2008,IL,0,0.642765897,0.149080166,0
2010,IL,0,0.38963766,0.148898875,0
2006,IL,1,0.403598972,0.656922405,1
2008,IL,1,0.70332158,0.633672101,1
2010,IL,1,0.455163273,0.632347547,1
2006,IL,2,0.452768385,0.685476854,1
2008,IL,2,0.742119849,0.700420095,1
2010,IL,2,0.487010901,0.69667683,1
2008,IL,3,0.586818334,0.070547528,0
2010,IL,3,0.345580049,0.076215528,0
2006,IL,3,0.322702409,0.076552927,0
2010,IL,4,0.179475213,0.067035844,0
2006,IL,4,0.141052053,0.079123817,0
2008,IL,4,0.296647199,0.08031982,0
2008,IL,5,0.301086133,0.037106986,0
2010,IL,5,0.181288898,0.035218919,0
2006,IL,5,0.152591807,0.035591353,0
2006,IL,6,0.171985943,0.032316981,0
2008,IL,6,0.441180935,0.031247554,0
2010,IL,6,0.242328126,0.030147787,0
2010,IL,7,0.394646387,0.515644477,1
2008,IL,7,0.657389907,0.535365084,1
2006,IL,7,0.368780032,0.546200327,1
2010,IL,8,0.251023731,0.041790288,0
2006,IL,8,0.246100824,0.035878208,0
2008,IL,8,0.478757691,0.042688736,0
2008,IL,9,0.529729027,0.108027855,0
2006,IL,9,0.327104243,0.091498617,0
2010,IL,9,0.364472422,0.095007032,0
2006,IL,10,0.222328747,0.050547858,1
2010,IL,10,0.246068699,0.054181928,1
2008,IL,10,0.473994158,0.049917572,1
2006,IL,11,0.261176142,0.080554967,0
2010,IL,11,0.32824463,0.080554967,0
2008,IL,11,0.575085523,0.080554967,0
2006,IL,12,0.316279537,0.159616147,0
2010,IL,12,0.394332969,0.159616147,0
2008,IL,12,0.675613949,0.159616147,0
2006,IL,13,0.232309151,0.069651915,0
2010,IL,13,0.32827875,0.064786844,0
2008,IL,13,0.569863347,0.062855099,0
2010,IL,14,0.192797993,0.054532679,0
2006,IL,14,0.153006051,0.053903866,0
2008,IL,14,0.423819243,0.053903866,0
2006,IL,15,0.246461723,0.056572881,0
2008,IL,15,0.489746493,0.062552875,0
2010,IL,15,0.241366296,0.062552875,0
2008,IL,16,0.550001785,0.055795599,0
2006,IL,16,0.265788502,0.047945745,0
2010,IL,16,0.253418544,0.055795599,0
2010,IL,17,0.279176606,0.070951283,0
2006,IL,17,0.26568896,0.070951283,0
2008,IL,17,0.566277015,0.066913287,0
2010,IL,18,0.266240432,0.06774364,0
2008,IL,18,0.495148494,0.067591489,0
2006,IL,18,0.258560179,0.067591489,0
2008,IL,19,0.423425995,0.034278793,0
2006,IL,19,0.23511616,0.034278793,0
2010,IL,19,0.241109652,0.034278793,0
2006,IN,0,0.282386711,0.080676125,0
2010,IN,0,0.29633906,0.084635485,0
2006,IN,1,0.262297473,0.176568481,0
2008,IN,1,0.656074682,0.176568481,0
2010,IN,1,0.337877564,0.176568481,0
2006,IN,2,0.251001407,0.075685663,0
2010,IN,2,0.242934117,0.083267903,0
2008,IN,2,0.522533775,0.08031775,0
2008,IN,3,0.577065767,0.052882005,0
2010,IN,3,0.235881619,0.054163601,0
2006,IN,3,0.22116608,0.053519141,0
2006,IN,4,0.212747995,0.02552976,0
2008,IN,4,0.552202054,0.02552976,0
2010,IN,4,0.253576248,0.026101613,0
2010,IN,5,0.227986475,0.036825775,0
2008,IN,5,0.509657726,0.035274639,0
2006,IN,5,0.222177742,0.035274639,0
2006,IN,6,0.28669513,0.034265967,0
2008,IN,6,0.538541426,0.034265967,0
2010,IN,6,0.275617355,0.034265967,0
2006,IN,7,0.331560927,0.310647801,1
2008,IN,7,0.756150391,0.3088385,1
2010,IN,7,0.338376396,0.321111918,1
2006,IN,8,0.198003484,0.040541624,0
2008,IN,8,0.415925036,0.040541624,0
2010,IN,8,0.187220417,0.040541624,0
2006,IN,9,0.220449438,0.024781146,0
2010,IN,9,0.234456929,0.024781146,0
2008,IN,9,0.453333333,0.024781146,0
2008,KS,0,0.62319543,0.053379706,0
2010,KS,0,0.307329033,0.054706091,0
2006,KS,1,0.213681858,0.022336971,0
2008,KS,1,0.426877854,0.022336971,0
2010,KS,1,0.217082888,0.022336971,0
2008,KS,2,0.513708638,0.044940478,0
2006,KS,2,0.267039106,0.044940478,0
2010,KS,2,0.247056296,0.044940478,0
2010,KS,3,0.38152217,0.081112528,0
2008,KS,3,0.723708412,0.082004647,0
2006,KS,3,0.359415986,0.079516252,0
2010,KS,4,0.285254366,0.065168081,0
2006,KS,4,0.251883883,0.064905235,0
2008,KS,4,0.586508413,0.063956634,1
2010,KY,0,0.367386449,0.073579906,0
2008,KY,0,0.616274647,0.070837579,0
2006,KY,1,0.34346937,0.065273914,0
2010,KY,1,0.367772147,0.065273914,0
2008,KY,1,0.579799058,0.065273914,0
2008,KY,2,0.54749992,0.05739543,0
2006,KY,2,0.294815004,0.05739543,0
2010,KY,2,0.331909876,0.05739543,0
2006,KY,3,0.371997961,0.188329061,0
2008,KY,3,0.666054597,0.193161285,0
2010,KY,3,0.403463684,0.193528879,0
2010,KY,4,0.241631206,0.026184184,0
2006,KY,4,0.216737589,0.026184184,0
2008,KY,4,0.412553191,0.026184184,0
2006,KY,5,0.544093981,0.012092623,0
2010,KY,5,0.513839717,0.012092623,0
2008,KY,5,0.620534277,0.012092623,0
2010,KY,6,0.363278224,0.081783922,0
2006,KY,6,0.335601719,0.078048271,0
2008,KY,6,0.595091074,0.081783922,0
2010,LA,0,0.353539784,0.306849262,0
2008,LA,0,0.607897934,0.302208735,0
2010,LA,1,0.294126774,0.144061511,0
2008,LA,1,0.481268865,0.144061511,0
2010,LA,2,0.375352727,0.57950866,1
2008,LA,2,0.7004238,0.571476935,1
2010,LA,3,0.402700087,0.258214571,0
2008,LA,4,0.543848317,0.324886841,0
2010,LA,4,0.327491799,0.324588877,0
2010,LA,5,0.323008248,0.326118603,0
2010,LA,6,0.356192247,0.332649217,0
2008,LA,6,0.597023192,0.33459674,0
2008,LA,7,0.626710014,0.240593719,1
2008,MA,0,0.574917874,0.050251912,0
2006,MA,0,0.369451522,0.04750463,0
2010,MA,1,0.243092554,0.016736306,0
2008,MA,1,0.431213018,0.016655579,0
2006,MA,1,0.197358367,0.018911197,0
2010,MA,2,0.300161875,0.053686637,0
2008,MA,2,0.508629717,0.053061376,0
2006,MA,2,0.305295299,0.050201474,0
2008,MA,3,0.388016429,0.027874557,0
2010,MA,3,0.176003994,0.038227879,0
2006,MA,3,0.23452348,0.024004677,0
2010,MA,4,0.209624308,0.028086475,0
2006,MA,4,0.192738051,0.028596615,0
2008,MA,4,0.354104301,0.025930306,0
2006,MA,5,0.215921978,0.020379722,0
2008,MA,5,0.384496676,0.019120641,0
2010,MA,5,0.295233214,0.017276074,0
2006,MA,6,0.277303055,0.018314932,0
2008,MA,6,0.429048066,0.02057404,0
2010,MA,6,0.266722061,0.020381292,0
2006,MA,7,0.315315315,0.036983535,0
2008,MA,7,0.506205425,0.040086084,0
2010,MA,7,0.312246678,0.045575925,0
2008,MA,8,0.679391373,0.198185568,0
2010,MA,8,0.463292547,0.191769693,0
2006,MA,8,0.491155132,0.18708536,0
2008,MA,9,0.652419041,0.09632668,0
2006,MA,9,0.419306221,0.091463116,1
2010,MA,9,0.352402577,0.11294543,0
2010,MA,10,0.263617045,0.01839114,0
2008,MA,10,0.381009484,0.018638248,0
2006,MA,10,0.259897361,0.016915522,0
2006,MD,0,0.398675841,0.279977036,1
2010,MD,0,0.440171528,0.29158435,0
2006,MD,1,0.335692518,0.112322792,0
2010,MD,1,0.376477672,0.113127453,0
2008,MD,1,0.599324864,0.11034007,0
2008,MD,2,0.728904683,0.303254797,0
2010,MD,2,0.457799623,0.317935989,0
2006,MD,2,0.427735396,0.285530988,0
2006,MD,3,0.447118416,0.183659902,0
2008,MD,3,0.72856981,0.191881255,1
2010,MD,3,0.475092929,0.190590027,0
2010,MD,4,0.439867173,0.599300414,1
2008,MD,4,0.790635349,0.583007532,1
2006,MD,4,0.396724677,0.590955934,1
2006,MD,5,0.453429141,0.345323947,0
2008,MD,5,0.860764206,0.354092634,0
2010,MD,5,0.504368104,0.371038181,1
2006,MD,6,0.258836866,0.054524375,0
2008,MD,6,0.449884192,0.063584517,0
2010,MD,6,0.24597656,0.064572078,0
2006,MD,7,0.345887406,0.57703376,1
2008,MD,7,0.62182987,0.564653637,1
2010,MD,7,0.407999226,0.570726473,1
2006,MD,8,0.428021244,0.153543147,0
2010,MD,8,0.411680204,0.174200097,0
2008,MD,8,0.679518564,0.170351871,0
2008,ME,0,0.904825737,0.005083851,0
2008,MI,0,0.811796706,0.133212682,0
2006,MI,0,0.504916515,0.133246984,0
2010,MI,1,0.135846964,0.013957547,0
2008,MI,1,0.227197117,0.013957547,0
2006,MI,1,0.161352925,0.013957547,0
2010,MI,2,0.30863694,0.043538048,1
2008,MI,2,0.708582563,0.043538048,1
2006,MI,2,0.378557187,0.043538048,0
2010,MI,3,0.269660146,0.082168762,1
2006,MI,3,0.446812607,0.075269618,0
2008,MI,3,0.814708746,0.071320173,0
2006,MI,4,0.305226863,0.02426853,0
2008,MI,4,0.496591176,0.02426853,0
2010,MI,4,0.256406238,0.02426853,0
2006,MI,5,0.497398262,0.170725064,0
2010,MI,5,0.424144503,0.16847677,0
2008,MI,5,0.895588486,0.161155323,0
2006,MI,6,0.351188842,0.073620698,0
2010,MI,6,0.261301667,0.079554969,0
2008,MI,6,0.741562842,0.075404098,0
2006,MI,7,0.293144617,0.05711005,0
2010,MI,7,0.270616327,0.05711005,0
2008,MI,7,0.580371665,0.05711005,0
2010,MI,8,0.350495212,0.0470547,0
2008,MI,8,0.926236539,0.040437868,0
2006,MI,8,0.50615179,0.042590648,0
2008,MI,9,0.977068032,0.093392486,0
2006,MI,9,0.621009643,0.09861011,0
2010,MI,9,0.438202247,0.11433953,0
2010,MI,10,0.321832925,0.024989677,0
2006,MI,10,0.408965728,0.024989677,0
2008,MI,10,0.703641371,0.024989677,0
2010,MI,11,0.476459947,0.085547514,0
2008,MI,11,0.932725934,0.082177018,0
2006,MI,11,0.784725492,0.063187146,0
2006,MI,12,0.788727331,0.170459804,0
2010,MI,12,0.510298635,0.209675239,0
2008,MI,13,0.699806809,0.633031408,1
2006,MI,13,0.430913529,0.614257439,1
2010,MI,13,0.345386222,0.606357516,1
2006,MI,14,0.492548219,0.625468658,1
2008,MI,14,0.756724231,0.614928833,1
2010,MI,14,0.400605862,0.619269605,1
2010,MI,15,0.404656988,0.126805215,0
2006,MI,15,0.540401495,0.115427826,0
2008,MI,15,0.931701208,0.114850939,0
2006,MN,0,0.383577312,0.030095627,0
2008,MN,0,0.728107717,0.032330055,0
2008,MN,1,0.676254461,0.010042676,0
2010,MN,1,0.243697479,0.015756389,0
2008,MN,2,0.570118995,0.022401734,0
2006,MN,2,0.316453221,0.020501545,0
2010,MN,2,0.308426483,0.022830109,0
2006,MN,3,0.370903997,0.045100517,0
2010,MN,3,0.344927037,0.051407505,0
2008,MN,3,0.698632005,0.047960016,0
2010,MN,4,0.292944931,0.072262227,0
2006,MN,4,0.350745397,0.061439087,1
2008,MN,4,0.783320981,0.059546428,0
2006,MN,5,0.418925907,0.097026211,1
2008,MN,5,0.783681835,0.107640168,1
2010,MN,5,0.344180795,0.112844537,1
2010,MN,6,0.30638944,0.015723143,0
2008,MN,6,0.590337894,0.013354018,0
2006,MN,6,0.319728814,0.014014864,0
2010,MO,0,0.373073974,0.109923778,0
2006,MO,0,0.410142148,0.104529956,0
2006,MO,1,0.450452318,0.508562955,1
2008,MO,1,0.760129752,0.52229184,1
2010,MO,1,0.453816612,0.526515399,1
2010,MO,2,0.136454803,0.028660059,0
2008,MO,2,0.399059409,0.028660059,0
2006,MO,2,0.212946953,0.028660059,0
2010,MO,3,0.352155954,0.084043503,0
2006,MO,3,0.33314046,0.087373978,0
2008,MO,3,0.732074038,0.076700979,0
2006,MO,4,0.218302095,0.032451966,0
2008,MO,4,0.420433664,0.032451966,0
2010,MO,4,0.214381967,0.032451966,0
2008,MO,5,0.824128671,0.227436488,1
2010,MO,5,0.402058583,0.239053757,1
2006,MO,5,0.450560469,0.236132796,1
2008,MO,6,0.602168245,0.028825158,0
2006,MO,6,0.281143345,0.032586332,0
2010,MO,6,0.184739304,0.044873165,0
2008,MO,7,0.498490219,0.014444192,0
2006,MO,7,0.270053827,0.014444192,0
2010,MO,7,0.24130235,0.014444192,0
2008,MO,8,0.580142169,0.044265753,0
2010,MO,8,0.271497363,0.044265753,0
2006,MO,8,0.328777803,0.044265753,0
2008,MO,9,0.452662252,0.037209055,0
2010,MO,9,0.196927152,0.037209055,0
2006,MO,9,0.230445215,0.037698796,0
2006,MS,0,0.281069814,0.349806541,1
2006,MS,1,0.251749955,0.253208759,0
2008,MS,1,0.677917867,0.253208759,0
2010,MS,1,0.422960242,0.253208759,0
2006,MS,2,0.300373577,0.635289185,1
2010,MS,2,0.336103425,0.645830296,1
2008,MS,2,0.606158939,0.63564803,1
2010,MS,3,0.322535273,0.330473252,0
2008,MS,3,0.627945796,0.330473252,0
2006,MS,3,0.258721089,0.330473252,0
2006,MS,4,0.234266178,0.218104869,0
2010,MS,4,0.330467381,0.218104869,0
2008,MS,4,0.57248517,0.218104869,0
2008,NC,0,0.719554904,0.21302195,0
2010,NC,0,0.377398923,0.215670954,0
2008,NC,1,0.67355827,0.486721076,1
2006,NC,1,0.217939697,0.492137577,1
2010,NC,1,0.380243957,0.492137577,1
2006,NC,2,0.246704358,0.297162881,0
2010,NC,2,0.391790947,0.299026078,0
2008,NC,2,0.661985893,0.303005758,0
2006,NC,3,0.217291823,0.16425089,0
2010,NC,3,0.345450652,0.161443007,0
2008,NC,3,0.650536234,0.16733486,0
2010,NC,4,0.446122122,0.207445981,0
2006,NC,4,0.297078119,0.19904199,0
2008,NC,4,0.824216577,0.201765872,0
2006,NC,5,0.233095382,0.07471399,0
2010,NC,5,0.340968062,0.081643107,0
2008,NC,5,0.73634855,0.07471399,0
2010,NC,6,0.401220956,0.094191722,0
2008,NC,6,0.765921869,0.095230607,0
2006,NC,6,0.265850795,0.089645652,0
2006,NC,7,0.231170714,0.208400607,0
2008,NC,7,0.647000725,0.208400607,0
2010,NC,7,0.373493338,0.207777969,0
2010,NC,8,0.355065933,0.284742081,0
2006,NC,8,0.223173276,0.290194522,0
2008,NC,8,0.717164504,0.278743895,0
2010,NC,9,0.40755472,0.140313892,0
2006,NC,9,0.243155902,0.130979996,0
2008,NC,9,0.76774502,0.13753366,0
2006,NC,10,0.245049051,0.086992066,0
2010,NC,10,0.346520583,0.086992066,0
2008,NC,10,0.669615843,0.086992066,0
2010,NC,11,0.340005706,0.039635307,0
2006,NC,11,0.276435907,0.039635307,0
2008,NC,11,0.655144542,0.039635307,0
2010,NC,12,0.345708257,0.479856994,1
2006,NC,12,0.224832473,0.465601255,1
2008,NC,12,0.732773373,0.468783229,1
2010,NC,13,0.394951646,0.286194817,1
2006,NC,13,0.269789068,0.274688647,1
2008,NC,13,0.758454932,0.273434123,0
2006,NE,0,0.302088779,0.034806376,0
2008,NE,0,0.662930575,0.035203108,0
2008,NE,1,0.532570702,0.014087849,0
2006,NE,1,0.256021409,0.015065179,0
2010,NE,1,0.187208984,0.015977908,0
2010,NE,2,0.238013486,0.089913556,0
2006,NE,2,0.284440386,0.089254078,0
2008,NE,2,0.662916006,0.089023283,0
2008,NH,0,0.815102224,0.006734328,0
2010,NH,0,0.38620315,0.007351414,0
2008,NJ,0,0.62529871,0.134731471,0
2006,NJ,0,0.302822695,0.133484589,0
2008,NJ,1,0.687605501,0.163540039,0
2010,NJ,1,0.38957763,0.172304618,0
2006,NJ,1,0.297257638,0.172688828,0
2010,NJ,2,0.272835742,0.136194842,0
2008,NJ,2,0.543680949,0.137835459,0
2006,NJ,2,0.247917782,0.136964759,1
2010,NJ,3,0.447139052,0.092209773,0
2006,NJ,3,0.349382,0.086984366,0
2008,NJ,3,0.721509751,0.087418744,0
2006,NJ,4,0.258345428,0.078911256,0
2008,NJ,4,0.543093414,0.083417791,0
2010,NJ,4,0.318698623,0.074465231,0
2008,NJ,5,0.484403052,0.018734851,0
2010,NJ,5,0.270247333,0.017463957,0
2006,NJ,5,0.23857868,0.018766115,0
2008,NJ,6,0.709023147,0.154664615,0
2006,NJ,6,0.296941883,0.155621991,0
2010,NJ,6,0.357169616,0.160685676,0
2008,NJ,7,0.485204496,0.064306553,0
2006,NJ,7,0.266885642,0.057424888,0
2010,NJ,7,0.299359921,0.057702647,0
2008,NJ,8,0.610451665,0.142798658,0
2010,NJ,8,0.327526016,0.144668481,0
2006,NJ,8,0.336212326,0.137676043,0
2008,NJ,9,0.561857151,0.08488378,0
2010,NJ,9,0.324293375,0.085083125,0
2006,NJ,9,0.322445029,0.079415177,0
2008,NJ,10,0.656157519,0.601590749,1
2006,NJ,10,0.320016701,0.613108481,1
2010,NJ,10,0.305009799,0.628620561,1
2008,NJ,11,0.40577441,0.034482088,0
2006,NJ,11,0.246840381,0.027380464,0
2010,NJ,11,0.233797612,0.030429367,0
2006,NJ,12,0.316555566,0.115409503,0
2008,NJ,12,0.614115028,0.120094824,0
2010,NJ,12,0.375154833,0.114894758,0
2008,NJ,13,0.517996495,0.151412306,0
2010,NJ,13,0.226217268,0.153375842,0
2006,NJ,13,0.246915729,0.152738356,0
2006,NM,0,0.381512022,0.019588603,0
2008,NM,0,0.668448814,0.020443794,0
2006,NM,1,0.308830223,0.02891284,0
2010,NM,1,0.332336182,0.02838273,0
2008,NM,1,0.623095003,0.028570129,0
2010,NM,2,0.281452659,0.017704764,0
2006,NM,2,0.251750973,0.017704764,0
2008,NM,2,0.46019226,0.018706844,0
2010,NM,3,0.379431134,0.015174839,0
2006,NM,3,0.333053104,0.015174839,0
2008,NM,3,0.628135071,0.015174839,0
2006,NV,0,0.267919709,0.076741423,0
2010,NV,0,0.337691428,0.084866392,0
2008,NV,1,0.650294949,0.151227654,0
2006,NV,1,0.246288819,0.149666169,0
2010,NV,1,0.344782496,0.166120745,0
2008,NV,2,0.554873029,0.028327153,0
2010,NV,2,0.293552352,0.030333074,0
2006,NV,2,0.297268829,0.024466616,0
2010,NV,3,0.332236485,0.07706015,0
2006,NV,3,0.275853244,0.070653425,0
2008,NV,3,0.691147056,0.071721273,0
2006,NY,0,0.279470156,0.142505268,0
2010,NY,1,0.239258295,0.043809906,0
2008,NY,1,0.485871752,0.046089211,0
2006,NY,1,0.22972583,0.036257589,0
2006,NY,2,0.226133432,0.108059666,0
2008,NY,2,0.616744693,0.095627002,0
2010,NY,2,0.295728697,0.103145506,0
2010,NY,3,0.339321177,0.024018073,0
2006,NY,3,0.23024572,0.029223165,0
2008,NY,3,0.826205024,0.01830041,0
2010,NY,4,0.383961469,0.188422829,0
2006,NY,4,0.326435912,0.183715877,0
2008,NY,4,0.661723172,0.195004861,0
2006,NY,5,0.266719509,0.054699863,0
2010,NY,5,0.29925187,0.05155514,0
2008,NY,5,0.557774834,0.049619996,0
2010,NY,6,0.336381354,0.520517183,1
2008,NY,6,0.581846557,0.559700056,1
2006,NY,6,0.287641503,0.565762775,1
2010,NY,7,0.314517367,0.209102019,0
2006,NY,7,0.314131305,0.187934476,0
2008,NY,7,0.517152716,0.220316497,0
2010,NY,8,0.305967297,0.051255538,0
2006,NY,8,0.263277189,0.05457834,0
2008,NY,8,0.487535531,0.06252528,0
2006,NY,9,0.272334462,0.039935361,0
2008,NY,9,0.458409308,0.050980028,0
2010,NY,9,0.306319151,0.040702911,0
2008,NY,10,0.585656523,0.624758358,1
2006,NY,10,0.275976175,0.628288259,1
2010,NY,10,0.29848917,0.633694011,1
2008,NY,11,0.574597412,0.547409759,1
2006,NY,11,0.288370193,0.544046682,1
2010,NY,11,0.32726657,0.533457901,1
2008,NY,12,0.472969021,0.114518252,0
2010,NY,12,0.225739786,0.114291573,0
2006,NY,12,0.187262167,0.121084172,0
2008,NY,13,0.561991771,0.06403012,0
2010,NY,13,0.284654321,0.067681524,0
2006,NY,13,0.231750249,0.065114247,0
2008,NY,14,0.687607026,0.043547181,0
2006,NY,14,0.314849256,0.044676613,0
2010,NY,14,0.293036093,0.051052373,0
2008,NY,15,0.568219806,0.358575427,1
2006,NY,15,0.290636325,0.359696852,1
2010,NY,15,0.282054325,0.353841093,1
2006,NY,16,0.229877135,0.356787116,0
2008,NY,16,0.488777974,0.401178727,0
2010,NY,16,0.183316603,0.410644535,0
2010,NY,17,0.308317269,0.31271523,0
2008,NY,17,0.567910801,0.316346275,0
2006,NY,17,0.30794886,0.302182179,1
2006,NY,18,0.321144212,0.104827082,0
2010,NY,18,0.347760096,0.100524538,0
2008,NY,18,0.566062776,0.108368109,0
2006,NY,19,0.257440006,0.057871203,0
2008,NY,19,0.562023117,0.053351336,0
2010,NY,19,0.277674568,0.06480728,0
2010,NY,20,0.185208301,0.024154598,0
2008,NY,20,0.292886135,0.026428659,0
2006,NY,20,0.174994313,0.025362584,0
2010,NY,21,0.271743341,0.080037364,0
2006,NY,21,0.316193483,0.073094057,0
2008,NY,21,0.661816357,0.067936325,0
2006,NY,22,0.240633357,0.076170634,0
2008,NY,22,0.518879126,0.085981415,0
2010,NY,22,0.229340801,0.0924832,0
2008,NY,23,0.148483867,0.036088767,0
2010,NY,23,0.117651521,0.02606964,0
2006,NY,23,0.109252984,0.026856765,0
2008,NY,24,0.307783932,0.033485428,0
2006,NY,24,0.144167689,0.037374589,0
2010,NY,24,0.20925704,0.02643259,0
2008,NY,25,0.644994503,0.068431284,0
2006,NY,25,0.329341503,0.065994927,0
2010,NY,25,0.326376812,0.06944752,0
2008,NY,26,0.37325395,0.03450994,0
2010,NY,26,0.190784615,0.034147259,0
2006,NY,26,0.193769735,0.032351537,0
2008,NY,27,0.531542514,0.047605526,0
2010,NY,27,0.268791685,0.050171934,0
2006,NY,27,0.240754519,0.047627683,0
2008,NY,28,0.642649773,0.266549771,0
2006,NY,28,0.296862256,0.264859348,0
2010,NY,28,0.304236129,0.28074563,0
2008,NY,29,0.426641157,0.033168607,0
2006,NY,29,0.288151151,0.02642601,0
2010,NY,29,0.246953429,0.029959583,0
2010,OH,0,0.39494253,0.114298937,0
2006,OH,0,0.394297688,0.108273379,0
2010,OH,1,0.432033087,0.285720163,0
2006,OH,1,0.404003843,0.26282888,0
2008,OH,1,0.748088041,0.2725186,0
2006,OH,2,0.395246519,0.044749581,0
2008,OH,2,0.67700821,0.044749581,0
2010,OH,2,0.423005398,0.044749581,0
2010,OH,3,0.424286183,0.158807428,0
2008,OH,3,0.789004312,0.149463794,0
2006,OH,3,0.400583235,0.161116635,0
2010,OH,4,0.233372431,0.048380588,0
2006,OH,4,0.24158304,0.048380588,0
2008,OH,4,0.480863634,0.048380588,0
2006,OH,5,0.259714381,0.012806145,0
2008,OH,5,0.514779143,0.012806145,0
2010,OH,5,0.277482564,0.012806145,0
2008,OH,6,0.405472024,0.024979374,0
2010,OH,6,0.22224961,0.024979374,0
2006,OH,6,0.22586476,0.024979374,0
2008,OH,7,0.730903379,0.085821502,0
2006,OH,7,0.395141166,0.082815827,0
2010,OH,7,0.355993762,0.096340622,0
2008,OH,8,0.567418072,0.054792331,0
2006,OH,8,0.321124946,0.048271931,0
2010,OH,8,0.299189444,0.054325008,0
2008,OH,9,0.718671217,0.139240398,0
2010,OH,9,0.389871151,0.141522422,0
2006,OH,9,0.361883292,0.132377789,0
2008,OH,10,0.766783053,0.062864604,0
2010,OH,10,0.342441158,0.06794861,0
2006,OH,10,0.408849487,0.055916308,0
2008,OH,11,0.77084412,0.571628701,1
2006,OH,11,0.430160415,0.570137483,1
2010,OH,11,0.434082695,0.582365279,1
2008,OH,12,0.898011364,0.185387375,0
2006,OH,12,0.452781732,0.197062177,0
2010,OH,12,0.449230062,0.204911084,0
2006,OH,13,0.380072451,0.11396628,0
2008,OH,13,0.702715065,0.11396628,0
2010,OH,13,0.407003549,0.11396628,0
2006,OH,14,0.304922943,0.033369978,0
2008,OH,14,0.536220129,0.033369978,0
2010,OH,14,0.324514881,0.033369978,0
2010,OH,15,0.408715084,0.072100957,0
2006,OH,15,0.356635423,0.080276602,0
2008,OH,15,0.631295415,0.082666026,0
2008,OH,16,0.595660104,0.044325826,0
2006,OH,16,0.305476313,0.044325826,0
2010,OH,16,0.338306131,0.044325826,0
2006,OH,17,0.363963059,0.110785999,0
2008,OH,17,0.677924186,0.110785999,0
2010,OH,17,0.380615971,0.107553412,0
2006,OH,18,0.233131802,0.016976813,0
2008,OH,18,0.378839178,0.016976813,0
2010,OH,18,0.221039903,0.016976813,0
2008,OK,0,0.726109428,0.068714488,0
2010,OK,0,0.396069432,0.070441836,0
2008,OK,1,0.637883959,0.08481887,0
2006,OK,1,0.268971731,0.087719298,0
2010,OK,1,0.313549353,0.087662064,0
2006,OK,2,0.516868896,0.037850755,0
2010,OK,2,0.586021505,0.037850755,0
2008,OK,2,0.902535267,0.037850755,0
2006,OK,3,0.371055214,0.037457075,0
2010,OK,3,0.418553689,0.036397198,0
2008,OK,3,0.689450068,0.036397198,0
2006,OK,4,0.374356543,0.056180459,0
2008,OK,4,0.68152131,0.060629334,0
2006,OK,5,0.345940887,0.128163611,0
2010,OK,5,0.355246127,0.141053679,0
2008,OK,5,0.71211787,0.125440058,0
2008,OR,0,0.974258786,0.015543504,0
2010,OR,0,0.60087241,0.016589304,0
2010,OR,1,0.554078241,0.014100121,0
2006,OR,1,0.596086302,0.011452378,0
2006,OR,3,0.586447604,0.047307229,0
2008,OR,3,0.927133197,0.05074952,0
2010,OR,3,0.576884458,0.051324997,0
2006,PA,0,0.363522659,0.093469378,0
2010,PA,0,0.383625678,0.099236311,0
2010,PA,1,0.46759844,0.480222461,0
2008,PA,1,0.813611409,0.486326318,1
2006,PA,1,0.416453628,0.484888067,0
2010,PA,2,0.52582055,0.55512545,1
2006,PA,2,0.503194026,0.593068729,1
2008,PA,2,0.853171641,0.577682004,1
2010,PA,3,0.221658007,0.034469424,0
2006,PA,3,0.178141238,0.034469424,0
2008,PA,3,0.466816249,0.034469424,0
2006,PA,4,0.244546498,0.033189137,0
2010,PA,4,0.246995035,0.030917445,0
2008,PA,4,0.486542984,0.030917445,0
2010,PA,5,0.132716374,0.018532016,0
2008,PA,5,0.321695236,0.018532016,0
2006,PA,5,0.117152172,0.018532016,0
2010,PA,6,0.324971086,0.070042048,0
2006,PA,6,0.240074956,0.072866905,0
2008,PA,6,0.608412043,0.065896705,0
2006,PA,7,0.270477631,0.075600097,0
2010,PA,7,0.332654191,0.081100929,0
2008,PA,7,0.5510302,0.076301676,0
2006,PA,8,0.340862291,0.031592622,0
2008,PA,8,0.602901826,0.033945963,0
2010,PA,8,0.335732566,0.03762412,0
2010,PA,9,0.130735759,0.019795661,0
2008,PA,9,0.251087816,0.019795661,0
2006,PA,9,0.135494155,0.018343545,0
2010,PA,10,0.167751479,0.01933915,0
2006,PA,10,0.138080113,0.022412896,0
2008,PA,10,0.298531672,0.022649754,0
2010,PA,11,0.105081256,0.051955147,0
2006,PA,11,0.090191094,0.042018554,0
2008,PA,11,0.290661636,0.043379903,0
2006,PA,12,0.160716297,0.036304386,0
2010,PA,12,0.155310283,0.036304386,0
2008,PA,12,0.336749634,0.036304386,0
2008,PA,13,0.607277641,0.088843356,0
2010,PA,13,0.311017257,0.097762869,0
2006,PA,13,0.325832127,0.086281708,0
2010,PA,14,0.344908819,0.207019224,0
2008,PA,14,0.720248548,0.213132217,0
2006,PA,14,0.342589529,0.213940362,0
2010,PA,15,0.194325573,0.044098554,0
2006,PA,15,0.184747964,0.032552599,0
2008,PA,15,0.456418838,0.039739239,0
2008,PA,16,0.44326181,0.047224731,0
2006,PA,16,0.200803616,0.040791239,0
2010,PA,16,0.207355372,0.046443164,0
2006,PA,17,0.289258494,0.0642945,0
2008,PA,17,0.597434551,0.070814703,0
2010,PA,17,0.285260515,0.075519513,0
2006,PA,18,0.233403327,0.02442026,0
2008,PA,18,0.439508965,0.02442026,0
2010,PA,18,0.238572121,0.02442026,0
2008,PA,19,0.43932207,0.034496579,0
2006,PA,19,0.135762624,0.035456477,0
2010,PA,19,0.159829295,0.039455102,0
2008,RI,0,0.581473711,0.041255852,0
2006,RI,0,0.391755194,0.03617726,0
2010,RI,1,0.213496316,0.063021874,0
2008,RI,1,0.543501371,0.046928251,0
2006,RI,1,0.361502347,0.040494507,0
2006,RI,2,0.422207447,0.031796452,0
2010,RI,2,0.312810622,0.034948683,0
2008,RI,2,0.618697092,0.035595254,0
2008,SC,0,0.627128195,0.275915201,0
2010,SC,0,0.402002352,0.273865626,1
2010,SC,1,0.36254551,0.192852449,1
2006,SC,1,0.300200545,0.192301841,0
2008,SC,1,0.619591886,0.191200435,0
2006,SC,2,0.29753858,0.265888972,0
2010,SC,2,0.416829133,0.262744828,0
2008,SC,2,0.645774638,0.262182623,0
2010,SC,3,0.361122146,0.193135776,0
2006,SC,3,0.265012709,0.191079566,0
2008,SC,3,0.575899935,0.194162986,0
2010,SC,4,0.375729191,0.196690241,0
2008,SC,4,0.617572071,0.193000789,0
2006,SC,4,0.253019701,0.193996075,0
2010,SC,5,0.416353095,0.303160888,0
2006,SC,5,0.260402054,0.303160888,0
2008,SC,5,0.615235393,0.301674997,0
2006,SC,6,0.296981618,0.54003966,1
2010,SC,6,0.416585106,0.529339215,1
2008,SC,6,0.63100406,0.53424441,1
2006,TN,0,0.390862674,0.156242331,1
2008,TN,0,0.62892185,0.155885357,0
2008,TN,1,0.347637505,0.020820804,0
2006,TN,1,0.1928756,0.020820804,0
2010,TN,1,0.137135474,0.020820804,0
2010,TN,2,0.187047376,0.05834776,0
2008,TN,2,0.475610145,0.05834776,0
2006,TN,2,0.311167293,0.057138784,0
2008,TN,3,0.610604805,0.104190045,0
2010,TN,3,0.286439655,0.107272294,0
2006,TN,3,0.375950702,0.10494375,0
2008,TN,4,0.553546521,0.037659753,0
2010,TN,4,0.300304799,0.037659753,0
2006,TN,4,0.327840058,0.037659753,0
2006,TN,5,0.410625457,0.239008473,0
2008,TN,5,0.678221648,0.238854815,0
2010,TN,5,0.346421929,0.244148491,0
2010,TN,6,0.282818604,0.071462559,0
2006,TN,6,0.310370295,0.071303663,0
2008,TN,6,0.597259716,0.071303663,0
2006,TN,7,0.456565021,0.126770827,0
2010,TN,7,0.330378193,0.145707758,0
2008,TN,7,0.694447829,0.135279476,0
2008,TN,8,0.568160413,0.219468485,0
2010,TN,8,0.285224533,0.219468485,0
2006,TN,8,0.326344937,0.219468485,0
2010,TN,9,0.296957221,0.639044036,1
2008,TN,9,0.650585094,0.63306729,0
2006,TN,9,0.413355244,0.626477832,0
2006,TX,0,0.198283464,0.128411754,0
2008,TX,0,0.523616828,0.125324077,0
2010,TX,1,0.233678932,0.184448708,0
2006,TX,1,0.154545156,0.184448708,0
2008,TX,1,0.428699679,0.184448708,0
2006,TX,2,0.20388601,0.221452438,0
2010,TX,2,0.280216092,0.23300658,0
2008,TX,2,0.544276089,0.201704909,0
2010,TX,3,0.25944754,0.11744715,0
2008,TX,3,0.601680118,0.104636622,0
2006,TX,3,0.194788355,0.117069813,0
2010,TX,4,0.257185316,0.107476493,0
2006,TX,4,0.23075443,0.102121419,0
2008,TX,4,0.524170074,0.102274399,0
2006,TX,5,0.166139055,0.142376022,0
2010,TX,5,0.212217854,0.156032229,0
2008,TX,5,0.46596038,0.142635354,0
2006,TX,6,0.224541337,0.16440366,0
2008,TX,6,0.637906983,0.151489355,0
2010,TX,6,0.292055241,0.172787393,0
2010,TX,7,0.292940996,0.092047675,0
2008,TX,7,0.494067182,0.096856875,0
2006,TX,7,0.163166227,0.096940467,0
2010,TX,8,0.243793531,0.083963427,0
2006,TX,8,0.172007862,0.083963427,0
2008,TX,8,0.376509999,0.088336307,0
2010,TX,9,0.309852433,0.511912518,1
2008,TX,9,0.551025615,0.488243883,1
2006,TX,9,0.201928942,0.498781712,1
2006,TX,10,0.181758304,0.11693422,0
2010,TX,10,0.272892502,0.119058513,0
2008,TX,10,0.513182608,0.120835317,0
2008,TX,11,0.311007629,0.041710921,0
2010,TX,11,0.137273358,0.041710921,0
2006,TX,11,0.102893094,0.041710921,0
2010,TX,12,0.223739117,0.070969075,0
2008,TX,12,0.532170187,0.062861013,0
2006,TX,12,0.197907889,0.066896036,0
2010,TX,13,0.147020117,0.056645247,0
2006,TX,13,0.143437699,0.060715811,0
2008,TX,13,0.290799469,0.063625921,0
2008,TX,14,0.477394122,0.087932366,0
2006,TX,14,0.205727204,0.097179558,0
2010,TX,14,0.256957132,0.098360129,0
2008,TX,15,0.159915992,0.023741402,0
2010,TX,15,0.085108511,0.023741402,0
2006,TX,16,0.077490775,0.036422595,0
2008,TX,16,0.25601268,0.037539484,0
2010,TX,16,0.079726109,0.038500068,0
2008,TX,17,0.383207362,0.096485968,0
2006,TX,17,0.092483835,0.097653995,0
2010,TX,17,0.214413188,0.102500226,0
2008,TX,18,0.53202567,0.49160507,1
2006,TX,18,0.199212702,0.482436463,1
2010,TX,18,0.315687676,0.473962031,1
2006,TX,19,0.128150395,0.055967639,0
2008,TX,19,0.267457394,0.053156968,0
2010,TX,19,0.115417743,0.055967639,0
2006,TX,20,0.105222865,0.07957294,0
2008,TX,20,0.341204472,0.073343731,0
2010,TX,20,0.112659698,0.085690021,0
2010,TX,21,0.203594143,0.065258623,0
2008,TX,21,0.489163327,0.06317568,0
2006,TX,22,0.250213783,0.145166443,0
2010,TX,22,0.336783615,0.155702445,1
2008,TX,22,0.635409854,0.134836173,0
2008,TX,23,0.401196873,0.033320718,0
2010,TX,23,0.17062635,0.034551115,0
2006,TX,24,0.237441538,0.145002889,0
2010,TX,24,0.317992096,0.148396682,0
2008,TX,24,0.646951937,0.136369822,0
2010,TX,25,0.213895858,0.085144099,0
2008,TX,25,0.441397489,0.084497769,0
2010,TX,26,0.298177163,0.139822844,0
2006,TX,26,0.236802223,0.143886722,0
2008,TX,26,0.584079157,0.145535592,0
2008,TX,27,0.238507608,0.028111015,0
2006,TX,27,0.100194238,0.028111015,0
2010,TX,27,0.10893493,0.028111015,0
2008,TX,28,0.416540975,0.018925599,0
2010,TX,28,0.213926596,0.018925599,0
2006,TX,29,0.136105726,0.140733446,0
2008,TX,29,0.396953324,0.153206705,0
2010,TX,29,0.240829833,0.140156698,0
2008,TX,30,0.611159083,0.508568394,1
2006,TX,30,0.273136942,0.518462782,1
2010,TX,30,0.329951845,0.508170892,1
2008,TX,31,0.437337662,0.125744188,0
2006,TX,31,0.152293397,0.123527297,0
2010,TX,31,0.153103745,0.122166462,0
2006,TX,32,0.162121629,0.093269085,0
2008,TX,32,0.502576422,0.081672463,0
2010,TX,32,0.208593144,0.092009305,0
2010,UT,0,0.420164199,0.007348766,0
2006,UT,0,0.422230082,0.006941316,0
2006,UT,1,0.246654501,0.011884216,0
2010,UT,1,0.279507941,0.010988447,0
2008,UT,1,0.567252371,0.011340512,0
2010,WA,0,0.331283726,0.033093743,0
2006,WA,0,0.265308374,0.030335756,0
2006,WA,1,0.206668408,0.023276926,0
2010,WA,1,0.35525349,0.020952927,0
2008,WA,1,0.525345168,0.021135303,0
2006,WA,2,0.249032882,0.011869186,0
2008,WA,2,0.498007968,0.012203788,0
2010,WA,2,0.325425621,0.01301253,0
2008,WA,3,0.456724559,0.012705088,0
2006,WA,3,0.252975692,0.011155162,0
2010,WA,3,0.331987891,0.012863972,0
2010,WA,4,0.271456227,0.010218189,0
2008,WA,4,0.379436438,0.010218189,0
2006,WA,4,0.221553022,0.010218189,0
2006,WA,5,0.241091138,0.012348011,0
2010,WA,5,0.246969697,0.013441258,0
2008,WA,5,0.354697742,0.013095697,0
2006,WA,6,0.213928715,0.052885645,0
2008,WA,6,0.481944497,0.051422807,0
2010,WA,6,0.302361453,0.051182042,0
2008,WA,7,0.607294849,0.070572244,0
2006,WA,7,0.355896019,0.066285006,0
2010,WA,7,0.417292632,0.070257059,0
2010,WA,8,0.269323477,0.034862159,0
2008,WA,8,0.591933765,0.02327929,0
2006,WA,8,0.27620784,0.023924612,0
2006,WA,9,0.219770909,0.066520398,0
2010,WA,9,0.294794863,0.075093028,0
2008,WA,9,0.502485774,0.066320531,0
2010,WI,0,0.426564696,0.054289346,0
2006,WI,0,0.367502266,0.050612494,0
2010,WI,1,0.26805636,0.0488139,0
2006,WI,1,0.230739071,0.048837512,0
2008,WI,1,0.493118996,0.048837512,0
2008,WI,2,0.639705035,0.031567576,0
2006,WI,2,0.340088664,0.029610044,0
2010,WI,2,0.325128425,0.033748935,0
2006,WI,4,0.403226264,0.329790591,1
2010,WI,4,0.488180248,0.338407719,1
2008,WI,4,0.777784638,0.326769094,1
2006,WI,5,0.33112708,0.020233636,0
2008,WI,5,0.527515129,0.020233636,0
2010,WI,5,0.387102874,0.020233636,0
2008,WI,6,0.203404465,0.015313881,0
2006,WI,6,0.125077094,0.015313881,0
2010,WI,6,0.125940545,0.015313881,0
2006,WV,0,0.267175573,0.031945725,0
2008,WV,0,0.534679657,0.032781234,0
2010,WV,0,0.350476761,0.029821059,0
2008,WV,1,0.38736863,0.020884063,0
2006,WV,1,0.195022804,0.020884063,0
2010,WV,1,0.245389649,0.020884063,0
2010,WV,2,0.433888813,0.029350626,0
2008,WV,2,0.671096758,0.032590919,0
2006,WV,2,0.297975407,0.032590919,0
2006,WV,3,0.286847249,0.038633157,0
2010,WV,3,0.344764032,0.038633157,0
2008,WV,3,0.544987434,0.038633157,0
